350351.0,-36.362
700702.0,-88.17
1051052.0,-90.66433333333333
1401402.0,-91.62366666666667
1751753.0,-104.48
2102103.0,-106.01466666666666
2452453.0,-104.47966666666666
2802804.0,-103.52033333333334
3153154.0,-106.55466666666666
3503504.0,-107.32233333333333
3853855.0,-105.97866666666668
4204205.0,-106.36266666666666
4554556.0,-107.13033333333334
4904906.0,-107.322
5255256.0,-108.66533333333332
5605607.0,-108.05366666666667
5955957.0,-103.64033333333333
6306307.0,-104.40766666666667
6656658.0,-107.66966666666667
7007008.0,-107.86166666666666
7357358.0,-107.09433333333334
7707709.0,-107.47766666666666
8058059.0,-107.25
8408409.0,-107.63366666666667
8758760.0,-108.20966666666668
9109110.0,-106.099
9459460.0,-106.099
9809811.0,-108.40133333333331
10160161.0,-108.20933333333335
10510511.0,-108.36533333333334
10860862.0,-108.17366666666668
11211212.0,-106.25466666666667
11561563.0,-107.21433333333334
11911913.0,-107.98166666666667
12262263.0,-107.59766666666667
12612614.0,-106.063
12962964.0,-106.027
13313314.0,-106.79433333333334
13663665.0,-105.64333333333333
14014015.0,-107.56166666666667
14364365.0,-107.75333333333333
14714716.0,-106.79399999999998
15065066.0,-107.56166666666667
15415416.0,-107.71766666666667
15765767.0,-106.95033333333333
16116117.0,-107.142
16466467.0,-107.334
16816818.0,-107.14233333333334
17167168.0,-107.71766666666667
17517518.0,-107.52566666666667
17867869.0,-108.83300000000001
18218219.0,-107.68166666666667
18568570.0,-107.87366666666667
18918920.0,-106.531
19269270.0,-108.06533333333334
19619621.0,-106.33866666666667
19969971.0,-107.298
20320321.0,-107.262
20670672.0,-106.49466666666666
21021022.0,-107.646
21371372.0,-105.91866666666665
21721723.0,-106.11066666666666
22072073.0,-107.64566666666667
22422423.0,-106.87833333333333
22772774.0,-107.226
23123124.0,-107.41833333333334
23473474.0,-107.226
23823825.0,-107.22633333333333
24174175.0,-105.49933333333333
24524525.0,-107.22633333333333
24874876.0,-107.03433333333334
25225226.0,-107.574
25575577.0,-107.38233333333334
25925927.0,-105.847
26276277.0,-105.65533333333333
26626628.0,-104.69566666666667
26976978.0,-103.928
27327328.0,-105.65499999999999
27677679.0,-105.81099999999999
28028029.0,-106.57866666666666
28378379.0,-105.04366666666665
28728730.0,-105.427
29079080.0,-106.96199999999999
29429430.0,-107.92166666666667
29779781.0,-107.15433333333334
30130131.0,-107.88566666666668
30480481.0,-106.54266666666666
30830832.0,-106.15866666666666
31181182.0,-105.58300000000001
31531532.0,-105.00766666666668
31881883.0,-106.92666666666666
32232233.0,-104.432
32582583.0,-105.391
32932934.0,-105.96666666666665
33283284.0,-104.048
33633635.0,-103.47233333333334
33983985.0,-103.28066666666666
34334335.0,-106.73433333333334
34684686.0,-106.92633333333333
35035036.0,-106.54233333333333
35385386.0,-106.35066666666665
35735737.0,-106.15866666666666
36086087.0,-106.92633333333333
36436437.0,-104.81566666666667
36786788.0,-105.39133333333332
37137138.0,-104.81566666666667
37487488.0,-103.856
37837839.0,-101.74566666666668
38188189.0,-102.70466666666665
38538539.0,-102.89633333333335
38888890.0,-102.51299999999999
39239240.0,-103.31666666666666
39589590.0,-102.54899999999999
39939941.0,-101.39766666666667
40290291.0,-102.165
40640642.0,-104.084
40990992.0,-106.19466666666666
41341342.0,-103.89233333333334
41691693.0,-101.39766666666667
42042043.0,-102.74099999999999
42392393.0,-102.74066666666666
42742744.0,-100.05466666666666
43093094.0,-99.47866666666665
43443444.0,-98.51933333333334
43793795.0,-97.944
44144145.0,-100.63033333333334
44494495.0,-97.368
44844846.0,-96.79266666666666
45195196.0,-98.32766666666667
45545546.0,-96.217
45895897.0,-95.641
46246247.0,-96.02533333333334
46596597.0,-95.83300000000001
46946948.0,-96.79233333333333
47297298.0,-95.83333333333333
47647649.0,-96.60066666666667
47997999.0,-96.217
48348349.0,-94.49
48698700.0,-97.596
49049050.0,-98.93900000000001
49399400.0,-97.02033333333333
49749751.0,-94.33433333333335
50100101.0,-94.90966666666667
50450451.0,-95.86899999999999
50800802.0,-94.334
51151152.0,-96.63666666666666
51501502.0,-95.10166666666669
51851853.0,-92.415
52202203.0,-93.75833333333333
52552553.0,-91.26400000000001
52902904.0,-90.88
53253254.0,-91.64800000000001
53603604.0,-91.83966666666667
53953955.0,-92.991
54304305.0,-92.03166666666668
54654655.0,-91.83966666666667
55005006.0,-93.56666666666668
55355356.0,-91.26400000000001
55705707.0,-93.95
56056057.0,-94.142
56406407.0,-96.06099999999999
56756758.0,-93.18233333333335
57107108.0,-96.25266666666668
57457458.0,-95.86933333333333
57807809.0,-96.67266666666667
58158159.0,-91.49166666666666
58508509.0,-96.097
58858860.0,-94.37
59209210.0,-90.53233333333333
59559560.0,-91.68366666666667
59909911.0,-89.18933333333332
60260261.0,-89.765
60610611.0,-93.79433333333333
60960962.0,-93.02666666666666
61311312.0,-86.69466666666666
61661662.0,-91.10766666666666
62012013.0,-90.72433333333333
62362363.0,-93.027
62712714.0,-89.38100000000001
63063064.0,-88.038
63413414.0,-92.25933333333334
63763765.0,-96.097
64114115.0,-93.98633333333333
64464465.0,-92.45099999999998
64814816.0,-94.56200000000001
65165166.0,-94.178
65515516.0,-97.05633333333333
65865867.0,-92.45133333333332
66216217.0,-91.68366666666668
66566567.0,-97.05633333333333
66916918.0,-98.43566666666665
67267268.0,-97.66799999999999
67617618.0,-94.40633333333334
67967969.0,-96.32466666666666
68318319.0,-97.86
68668669.0,-98.24366666666667
69019020.0,-96.32466666666666
69369370.0,-93.063
69719721.0,-93.83033333333333
70070071.0,-99.58699999999999
70420421.0,-99.395
70770772.0,-99.77866666666667
71121122.0,-94.98166666666667
71471472.0,-99.58666666666666
71821823.0,-100.54633333333334
72172173.0,-102.08133333333335
72522523.0,-95.94099999999999
72872874.0,-99.58666666666666
73223224.0,-99.58699999999999
73573574.0,-100.16266666666667
73923925.0,-103.23266666666666
74274275.0,-102.65666666666665
74624625.0,-98.81966666666666
74974976.0,-99.77833333333335
75325326.0,-102.081
75675676.0,-98.819
76026027.0,-99.81466666666667
76376377.0,-96.169
76726728.0,-102.50100000000002
77077078.0,-103.46
77427428.0,-104.228
77777779.0,-99.623
78128129.0,-103.844
78478479.0,-104.41966666666667
78828830.0,-103.07666666666667
79179180.0,-100.58200000000001
79529530.0,-101.54166666666667
79879881.0,-102.11733333333332
80230231.0,-102.50099999999999
80580581.0,-102.88466666666666
80930932.0,-103.84433333333334
81281282.0,-100.19866666666667
81631632.0,-103.46066666666667
81981983.0,-104.42
82332333.0,-103.844
82682683.0,-101.158
83033034.0,-97.70366666666666
83383384.0,-100.39
83733734.0,-101.92533333333334
84084085.0,-101.34966666666666
84434435.0,-98.47133333333333
84784786.0,-104.228
85135136.0,-105.03166666666665
85485486.0,-102.153
85835837.0,-102.34533333333333
86186187.0,-97.548
86536537.0,-100.04266666666666
86886888.0,-100.04233333333333
87237238.0,-101.96166666666666
87587588.0,-103.88033333333334
87937939.0,-97.93166666666667
88288289.0,-103.11266666666666
88638639.0,-102.15333333333332
88988990.0,-102.72866666666668
89339340.0,-102.53733333333332
89689690.0,-97.932
90040041.0,-101.57766666666667
90390391.0,-101.19366666666667
90740741.0,-103.49633333333334
91091092.0,-103.688
91441442.0,-100.61833333333334
91791793.0,-98.89166666666667
92142143.0,-96.78066666666666
92492493.0,-98.891
92842844.0,-95.82133333333333
93193194.0,-96.01299999999999
93543544.0,-98.69966666666669
93893895.0,-97.356
94244245.0,-102.34500000000001
94594595.0,-101.42166666666667
94944946.0,-99.31099999999999
95295296.0,-98.35166666666667
95645646.0,-103.34066666666668
95995997.0,-100.27
96346347.0,-100.654
96696697.0,-104.30000000000001
97047048.0,-104.29966666666667
97397398.0,-104.68366666666667
97747748.0,-103.53233333333333
98098099.0,-103.532
98448449.0,-100.07866666666666
98798800.0,-100.846
99149150.0,-101.42199999999998
99499500.0,-101.23
99849851.0,-103.724
100200201.0,-103.91633333333334
100550551.0,-104.29966666666667
100900902.0,-104.68366666666667
101251252.0,-103.91600000000001
101601602.0,-105.45133333333335
101951953.0,-89.71666666666665
102302303.0,-84.728
102652653.0,-85.30366666666667
103003004.0,-102.57266666666668
103353354.0,-97.20033333333333
103703704.0,-78.81566666666667
104054055.0,-79.00733333333334
104404405.0,-101.84166666666665
104754755.0,-98.00366666666667
105105106.0,-96.277
105455456.0,-103.56799999999998
105805807.0,-105.10333333333334
106156157.0,-101.64933333333333
106506507.0,-101.26566666666666
106856858.0,-101.64966666666668
107207208.0,-99.92266666666667
107557558.0,-97.428
107907909.0,-100.69
108258259.0,-102.60866666666668
108608609.0,-104.144
108958960.0,-102.03333333333335
109309310.0,-100.11433333333333
109659660.0,-101.26566666666668
110010011.0,-104.14366666666668
110360361.0,-102.99266666666665
110710711.0,-101.45800000000001
111061062.0,-103.37666666666667
111411412.0,-102.22533333333332
111761762.0,-101.84133333333334
112112113.0,-100.11466666666666
112462463.0,-101.64966666666668
112812813.0,-102.64533333333333
113163164.0,-101.302
113513514.0,-102.64466666666665
113863865.0,-101.68533333333335
114214215.0,-100.53433333333334
114564565.0,-103.22033333333333
114914916.0,-101.10966666666667
115265266.0,-100.91833333333334
115615616.0,-101.49366666666667
115965967.0,-98.80733333333335
116316317.0,-101.68566666666665
116666667.0,-102.45300000000002
117017018.0,-102.645
117367368.0,-103.60433333333333
117717718.0,-100.918
118068069.0,-102.83666666666666
118418419.0,-100.15033333333334
118768769.0,-99.383
119119120.0,-99.383
119469470.0,-96.88833333333332
119819820.0,-99.57466666666666
120170171.0,-99.383
120520521.0,-100.726
120870872.0,-102.26133333333333
121221222.0,-100.34233333333334
121571572.0,-101.30166666666668
121921923.0,-98.84333333333332
122272273.0,-98.45966666666668
122622623.0,-100.18666666666667
122972974.0,-101.33766666666668
123323324.0,-101.146
123673674.0,-101.72166666666668
124024025.0,-102.48899999999999
124374375.0,-98.65133333333334
124724725.0,-101.33766666666668
125075076.0,-99.99433333333333
125425426.0,-99.99466666666666
125775776.0,-100.57
126126127.0,-101.33766666666668
126476477.0,-99.611
126826827.0,-100.18666666666668
127177178.0,-101.52966666666667
127527528.0,-99.80233333333332
127877879.0,-101.91333333333334
128228229.0,-102.87266666666666
128578579.0,-101.72133333333333
128928930.0,-101.52933333333333
129279280.0,-99.03533333333333
129629630.0,-100.18633333333332
129979981.0,-99.22700000000002
130330331.0,-99.99466666666667
130680681.0,-99.99433333333333
131031032.0,-97.34433333333334
131381382.0,-97.92
131731732.0,-100.222
132082083.0,-101.56566666666667
132432433.0,-100.03033333333333
132782783.0,-97.344
133133134.0,-91.58766666666666
133483484.0,-92.73899999999999
133833834.0,-96.76833333333333
134184185.0,-101.37366666666668
134534535.0,-102.71666666666665
134884885.0,-102.33300000000001
135235236.0,-101.56566666666667
135585586.0,-101.56566666666667
135935937.0,-100.798
136286287.0,-102.14133333333332
136636637.0,-101.94933333333331
136986988.0,-101.18166666666667
137337338.0,-98.11200000000001
137687688.0,-99.64666666666666
138038039.0,-102.14133333333332
138388389.0,-102.14133333333332
138738739.0,-101.94933333333334
139089090.0,-102.33299999999998
139439440.0,-100.22233333333334
139789790.0,-101.75733333333334
140140141.0,-102.177
140490491.0,-101.21766666666667
140840841.0,-101.026
141191192.0,-102.94500000000001
141541542.0,-102.75299999999999
141891892.0,-102.36933333333332
142242243.0,-101.40966666666668
142592593.0,-102.36899999999999
142942944.0,-101.75766666666668
143293294.0,-101.37366666666668
143643644.0,-102.33333333333333
143993995.0,-102.717
144344345.0,-101.56566666666667
144694695.0,-102.90899999999999
145045046.0,-101.37366666666667
145395396.0,-102.681
145745746.0,-101.14566666666667
146096097.0,-99.99466666666667
146446447.0,-100.37833333333333
146796797.0,-103.06466666666667
147147148.0,-101.72133333333333
147497498.0,-103.44833333333334
147847848.0,-102.45299999999999
148198199.0,-103.02866666666667
148548549.0,-102.45300000000002
148898899.0,-101.30166666666666
149249250.0,-102.45299999999999
149599600.0,-102.64499999999998
149949951.0,-101.49333333333334
150300301.0,-101.84133333333334
150650651.0,-102.99266666666666
151001002.0,-102.03333333333335
151351352.0,-102.99266666666666
151701702.0,-101.26566666666666
152052053.0,-100.882
152402403.0,-101.26566666666668
152752753.0,-101.23
153103104.0,-101.61366666666667
153453454.0,-101.61333333333334
153803804.0,-101.80533333333334
154154155.0,-100.46233333333333
154504505.0,-98.92733333333335
154854855.0,-99.31066666666668
155205206.0,-101.194
155555556.0,-103.11266666666666
155905906.0,-102.53666666666668
156256257.0,-101.57733333333334
156606607.0,-101.57766666666667
156956958.0,-100.23466666666667
157307308.0,-99.467
157657658.0,-102.153
158008009.0,-100.77433333333335
158358359.0,-101.15800000000002
158708709.0,-100.58233333333334
159059060.0,-100.39066666666668
159409410.0,-101.34966666666666
159759760.0,-101.34966666666666
160110111.0,-101.158
160460461.0,-102.27299999999998
160810811.0,-100.93
161161162.0,-99.97033333333333
161511512.0,-101.31400000000001
161861862.0,-101.88933333333334
162212213.0,-100.73833333333334
162562563.0,-101.31366666666668
162912913.0,-100.702
163263264.0,-100.70233333333333
163613614.0,-100.70233333333334
163963964.0,-102.04533333333332
164314315.0,-100.894
164664665.0,-100.894
165015016.0,-99.35866666666668
165365366.0,-100.858
165715716.0,-99.70700000000001
166066067.0,-100.66633333333334
166416417.0,-101.43400000000001
166766767.0,-98.74733333333332
167117118.0,-100.28266666666666
167467468.0,-100.28266666666666
167817818.0,-100.43833333333333
168168169.0,-100.05466666666666
168518519.0,-100.43833333333333
168868869.0,-101.01400000000001
169219220.0,-101.20600000000002
169569570.0,-99.86233333333332
169919920.0,-100.24633333333334
170270271.0,-98.29133333333333
170620621.0,-97.524
170970971.0,-96.94833333333332
171321322.0,-99.82666666666667
171671672.0,-100.978
172022023.0,-100.40233333333333
172372373.0,-100.40233333333333
172722723.0,-98.63933333333334
173073074.0,-99.40666666666665
173423424.0,-100.17433333333334
173773774.0,-99.59866666666666
174124125.0,-99.79066666666667
174474475.0,-100.17433333333334
174824825.0,-99.21499999999999
175175176.0,-99.407
175525526.0,-98.41133333333333
175875876.0,-99.56266666666666
176226227.0,-99.94633333333333
176576577.0,-99.37066666666668
176926927.0,-99.371
177277278.0,-98.98733333333332
177627628.0,-97.836
177977978.0,-99.14333333333332
178328329.0,-96.84066666666666
178678679.0,-98.18366666666667
179029030.0,-98.37566666666667
179379380.0,-99.527
179729730.0,-98.75933333333334
180080081.0,-98.18366666666667
180430431.0,-98.14766666666667
180780781.0,-98.14799999999998
181131132.0,-97.956
181481482.0,-98.33966666666667
181831832.0,-98.53133333333334
182182183.0,-98.33966666666667
182532533.0,-98.53133333333334
182882883.0,-98.30333333333334
183233234.0,-99.07099999999998
183583584.0,-98.11166666666668
183933934.0,-99.07099999999998
184284285.0,-97.91966666666667
184634635.0,-98.30333333333333
184984985.0,-97.344
185335336.0,-98.45933333333335
185685686.0,-98.45933333333333
186036037.0,-96.54033333333332
186386387.0,-97.69200000000001
186736737.0,-98.07533333333333
187087088.0,-98.45933333333333
187437438.0,-98.45933333333333
187787788.0,-98.99899999999998
188138139.0,-98.04
188488489.0,-98.23166666666667
188838839.0,-98.80733333333335
189189190.0,-98.61533333333334
189539540.0,-98.80733333333332
189889890.0,-98.807
190240241.0,-98.19533333333334
190590591.0,-97.62
190940941.0,-97.62
191291292.0,-98.38766666666668
191641642.0,-98.00366666666667
191991992.0,-98.57933333333334
192342343.0,-99.53866666666666
192692693.0,-98.15966666666667
193043043.0,-97.584
193393394.0,-97.776
193743744.0,-99.11899999999999
194094095.0,-99.503
194444445.0,-99.69466666666666
194794795.0,-99.31099999999999
195145146.0,-99.11899999999999
195495496.0,-100.04266666666666
195845846.0,-98.891
196196197.0,-99.467
196546547.0,-99.85066666666667
196896897.0,-99.27499999999999
197247248.0,-100.42633333333333
197597598.0,-98.31566666666667
197947948.0,-99.04733333333333
198298299.0,-98.85533333333332
198648649.0,-100.39033333333334
198998999.0,-99.04699999999998
199349350.0,-99.81466666666667
199699700.0,-100.00633333333333
200050050.0,-99.04733333333333
200400401.0,-99.01100000000001
200750751.0,-99.779
201101102.0,-100.35433333333333
201451452.0,-100.12666666666667
201801802.0,-98.97500000000001
202152153.0,-99.74266666666666
202502503.0,-99.743
202852853.0,-101.05
203203204.0,-98.93900000000001
203553554.0,-100.47433333333333
203903904.0,-100.24633333333333
204254255.0,-100.05433333333333
204604605.0,-101.01366666666667
204954955.0,-100.82233333333333
205305306.0,-100.786
205655656.0,-99.82666666666667
206006006.0,-99.44266666666665
206356357.0,-99.98266666666666
206706707.0,-100.366
207057057.0,-100.942
207407408.0,-101.098
207757758.0,-101.29
208108109.0,-99.75466666666667
208458459.0,-100.33033333333333
208808809.0,-100.48599999999999
209159160.0,-100.87033333333333
209509510.0,-101.06166666666667
209859860.0,-100.06666666666668
210210211.0,-101.026
210560561.0,-99.68299999999999
210910911.0,-100.25833333333333
211261262.0,-101.37399999999998
211611612.0,-100.414
211961962.0,-100.22233333333332
212312313.0,-100.37833333333333
212662663.0,-100.95366666666666
213013013.0,-100.378
213363364.0,-99.95866666666666
213713714.0,-100.918
214064064.0,-100.91766666666666
214414415.0,-101.30166666666666
214764765.0,-100.30633333333333
215115116.0,-100.498
215465466.0,-101.07400000000001
215815816.0,-99.88666666666666
216166167.0,-100.65433333333334
216516517.0,-99.503
216866867.0,-101.03766666666667
217217218.0,-100.23466666666667
217567568.0,-101.00166666666667
217917918.0,-101.57766666666667
218268269.0,-100.39033333333333
218618619.0,-101.15766666666667
218968969.0,-100.39033333333333
219319320.0,-97.476
219669670.0,-98.62733333333334
220020020.0,-100.54599999999999
220370371.0,-100.93033333333334
220720721.0,-101.66166666666668
221071071.0,-100.89433333333334
221421422.0,-99.551
221771772.0,-99.323
222122122.0,-99.13133333333333
222472473.0,-100.09033333333333
222822823.0,-100.666
223173174.0,-100.24633333333334
223523524.0,-99.86266666666666
223873874.0,-100.24633333333334
224224225.0,-101.36200000000001
224574575.0,-100.40233333333333
224924925.0,-99.827
225275276.0,-100.36666666666667
225625626.0,-100.75033333333333
225975976.0,-99.407
226326327.0,-100.94200000000001
226676677.0,-100.714
227027027.0,-100.13833333333334
227377378.0,-100.13866666666667
227727728.0,-100.67833333333334
228078078.0,-100.87
228428429.0,-101.06200000000001
228778779.0,-100.678
229129129.0,-99.87433333333333
229479480.0,-101.40966666666667
229829830.0,-100.834
230180181.0,-100.03066666666666
230530531.0,-101.18166666666666
230880881.0,-100.414
231231232.0,-100.95400000000001
231581582.0,-100.954
231931932.0,-99.22666666666667
232282283.0,-100.37833333333333
232632633.0,-100.15033333333334
232982983.0,-99.95866666666666
233333334.0,-100.726
233683684.0,-101.07400000000001
234034034.0,-100.498
234384385.0,-99.53866666666666
234734735.0,-100.30633333333333
235085085.0,-99.11933333333333
235435436.0,-99.88666666666666
235785786.0,-100.65433333333333
236136136.0,-100.42633333333333
236486487.0,-100.42633333333333
236836837.0,-100.618
237187188.0,-100.39033333333333
237537538.0,-100.58233333333334
237887888.0,-99.815
238238239.0,-100.96600000000001
238588589.0,-101.122
238938939.0,-102.27300000000001
239289290.0,-100.35433333333333
239639640.0,-101.278
239989990.0,-99.74266666666666
240340341.0,-101.46966666666667
240690691.0,-101.46966666666667
241041041.0,-99.70666666666666
241391392.0,-100.28233333333334
241741742.0,-100.47433333333333
242092092.0,-101.20566666666667
242442443.0,-100.822
242792793.0,-101.58966666666667
243143143.0,-101.36200000000001
243493494.0,-100.978
243843844.0,-101.55366666666669
244194194.0,-101.74566666666668
244544545.0,-100.17466666666667
244894895.0,-100.55833333333334
245245246.0,-101.13366666666667
245595596.0,-100.714
245945946.0,-101.28966666666666
246296297.0,-100.714
246646647.0,-101.09766666666667
246996997.0,-101.25366666666667
247347348.0,-100.678
247697698.0,-100.67833333333333
248048048.0,-100.834
248398399.0,-100.64233333333334
248748749.0,-101.21766666666667
249099099.0,-100.99
249449450.0,-101.18166666666666
249799800.0,-100.798
250150150.0,-101.18166666666666
250500501.0,-100.95400000000001
250850851.0,-100.37833333333333
251201201.0,-100.95400000000001
251551552.0,-101.30166666666666
251901902.0,-101.49366666666667
252252253.0,-100.91766666666668
252602603.0,-101.68566666666668
252952953.0,-100.30633333333333
253303304.0,-102.03333333333335
253653654.0,-102.03333333333335
254004004.0,-101.99733333333334
254354355.0,-100.654
254704705.0,-100.846
255055055.0,-100.81033333333333
255405406.0,-100.81
255755756.0,-100.61833333333334
256106106.0,-101.57766666666667
256456457.0,-101.54166666666667
256806807.0,-101.15800000000002
257157157.0,-102.30933333333333
257507508.0,-101.50566666666667
257857858.0,-101.122
258208208.0,-100.35433333333333
258558559.0,-101.12166666666667
258908909.0,-101.086
259259260.0,-101.85333333333334
259609610.0,-100.12633333333333
259959960.0,-99.89866666666667
260310311.0,-101.05
260660661.0,-102.00933333333334
261011011.0,-101.97333333333334
261361362.0,-102.54899999999999
261711712.0,-101.39766666666667
262062062.0,-100.24633333333334
262412413.0,-101.17
262762763.0,-101.93733333333334
263113113.0,-101.55366666666667
263463464.0,-101.13366666666667
263813814.0,-101.90133333333334
264164164.0,-101.134
264514515.0,-101.32566666666666
264864865.0,-101.67333333333333
265215215.0,-102.05733333333335
265565566.0,-101.67333333333333
265915916.0,-102.59666666666668
266266267.0,-101.25366666666666
266616617.0,-99.91066666666666
266966967.0,-100.25833333333334
267317318.0,-101.98566666666666
267667668.0,-101.40966666666667
268018018.0,-100.25866666666667
268368369.0,-100.99000000000001
268718719.0,-102.33266666666667
269069069.0,-102.141
269419420.0,-102.48899999999999
269769770.0,-102.48899999999999
270120120.0,-102.48899999999999
270470471.0,-103.25666666666666
270820821.0,-101.68566666666668
271171171.0,-102.837
271521522.0,-102.06933333333332
271871872.0,-102.41699999999999
272222222.0,-101.84166666666665
272572573.0,-102.03366666666666
272922923.0,-101.99733333333332
273273273.0,-101.99733333333332
273623624.0,-101.42166666666667
273973974.0,-103.34033333333332
274324325.0,-101.00200000000001
274674675.0,-102.15333333333335
275025025.0,-102.15333333333332
275375376.0,-101.15800000000002
275725726.0,-102.50099999999999
276076076.0,-101.92566666666666
276426427.0,-101.92566666666666
276776777.0,-101.88966666666666
277127127.0,-102.081
277477478.0,-101.50600000000001
277827828.0,-101.08600000000001
278178178.0,-102.42933333333333
278528529.0,-102.23733333333332
278878879.0,-102.00966666666666
279229229.0,-101.81733333333334
279579580.0,-101.43366666666667
279929930.0,-100.858
280280280.0,-101.39733333333334
280630631.0,-101.20566666666667
280980981.0,-101.58933333333334
281331332.0,-101.93733333333334
281681682.0,-101.16966666666667
282032032.0,-101.36166666666666
282382383.0,-101.55366666666664
282732733.0,-101.70933333333333
283083083.0,-101.70933333333333
283433434.0,-102.86066666666666
283783784.0,-102.057
284134134.0,-101.09766666666667
284484485.0,-101.48166666666667
284834835.0,-101.63733333333334
285185185.0,-101.63733333333333
285535536.0,-100.67766666666667
285885886.0,-101.63733333333333
286236236.0,-101.60166666666667
286586587.0,-101.21766666666667
286936937.0,-102.17733333333332
287287287.0,-100.99000000000001
287637638.0,-101.75733333333334
287987988.0,-99.83866666666667
288338339.0,-100.22233333333334
288688689.0,-101.146
289039039.0,-101.33766666666668
289389390.0,-101.91300000000001
289739740.0,-101.11
290090090.0,-100.918
290440441.0,-101.87766666666666
290790791.0,-101.26566666666668
291141141.0,-101.074
291491492.0,-101.45766666666667
291841842.0,-100.11466666666666
292192192.0,-102.38133333333333
292542543.0,-101.42166666666667
292892893.0,-101.03833333333334
293243243.0,-102.15333333333332
293593594.0,-101.194
293943944.0,-100.42633333333333
294294294.0,-101.002
294644645.0,-102.30933333333333
294994995.0,-101.73366666666668
295345346.0,-100.58233333333334
295695696.0,-101.122
296046046.0,-101.88966666666666
296396397.0,-101.50600000000001
296746747.0,-101.08566666666667
297097097.0,-101.086
297447448.0,-100.318
297797798.0,-101.08566666666667
298148148.0,-101.05
298498499.0,-100.28233333333333
298848849.0,-100.47399999999999
299199199.0,-101.58966666666667
299549550.0,-101.01400000000001
299899900.0,-100.63033333333334
300250250.0,-100.24633333333334
300600601.0,-100.594
300950951.0,-101.74566666666665
301301301.0,-101.32600000000001
301651652.0,-101.134
302002002.0,-101.134
302352352.0,-100.13833333333334
302702703.0,-100.90566666666666
303053053.0,-100.906
303403404.0,-101.25366666666666
303753754.0,-100.87
304104104.0,-100.25866666666667
304454455.0,-99.68266666666666
304804805.0,-100.06633333333333
305155155.0,-100.99000000000001
305505506.0,-100.98966666666666
305855856.0,-100.99000000000001
306206206.0,-100.76233333333333
306556557.0,-101.33766666666668
306906907.0,-101.49399999999999
307257257.0,-100.72633333333334
307607608.0,-100.91833333333334
307957958.0,-100.69033333333334
308308308.0,-100.11466666666666
308658659.0,-100.11466666666666
309009009.0,-101.61366666666667
309359359.0,-99.88666666666666
309709710.0,-100.42666666666666
310060060.0,-101.194
310410411.0,-101.194
310760761.0,-99.81433333333332
311111111.0,-100.582
311461462.0,-100.58233333333332
311811812.0,-100.73833333333333
312162162.0,-100.35433333333333
312512513.0,-101.27766666666668
312862863.0,-101.086
313213213.0,-101.66166666666668
313563564.0,-101.04966666666667
313913914.0,-101.05
314264264.0,-101.62533333333333
314614615.0,-102.54900000000002
314964965.0,-101.78133333333334
315315315.0,-101.206
315665666.0,-101.16966666666667
316016016.0,-101.36166666666668
316366366.0,-100.75
316716717.0,-101.13400000000001
317067067.0,-100.94200000000001
317417418.0,-102.05733333333335
317767768.0,-101.48166666666667
318118118.0,-101.48166666666667
318468469.0,-101.63766666666668
318818819.0,-101.63766666666668
319169169.0,-101.60166666666667
319519520.0,-101.21766666666667
319869870.0,-101.21766666666667
320220220.0,-101.182
320570571.0,-100.99000000000001
320920921.0,-100.798
321271271.0,-101.146
321621622.0,-100.57033333333334
321971972.0,-102.06933333333332
322322322.0,-101.302
322672673.0,-101.68566666666668
323023023.0,-101.45766666666667
323373373.0,-101.84166666666665
323723724.0,-102.41699999999999
324074074.0,-101.80566666666665
324424424.0,-101.61366666666667
324774775.0,-100.81033333333333
325125125.0,-100.618
325475476.0,-100.81033333333333
325825826.0,-100.58233333333334
326176176.0,-100.00633333333333
326526527.0,-100.39033333333333
326876877.0,-101.12166666666667
327227227.0,-100.92966666666666
327577578.0,-99.74266666666665
327927928.0,-100.31833333333333
328278278.0,-101.08600000000001
328628629.0,-101.24166666666667
328978979.0,-100.85799999999999
329329329.0,-100.47433333333333
329679680.0,-100.24633333333333
330030030.0,-102.741
330380380.0,-99.25066666666667
330730731.0,-100.71433333333334
331081081.0,-101.218
331431431.0,-100.91833333333334
331781782.0,-100.27033333333333
332132132.0,-100.58233333333332
332482483.0,-100.47433333333333
332832833.0,-100.40233333333333
333183183.0,-99.563
333533534.0,-99.29933333333332
333883884.0,-100.53433333333334
334234234.0,-100.846
334584585.0,-98.66366666666666
334934935.0,-100.28233333333333
335285285.0,-100.97766666666666
335635636.0,-98.79533333333335
335985986.0,-99.87466666666667
336336336.0,-99.57466666666666
336686687.0,-98.92733333333332
337037037.0,-99.62266666666666
337387387.0,-99.323
337737738.0,-99.05900000000001
338088088.0,-99.371
338438438.0,-98.87933333333335
338788789.0,-99.76666666666667
339139139.0,-99.31099999999999
339489490.0,-98.27966666666664
339839840.0,-98.36366666666667
340190190.0,-99.44266666666665
340540541.0,-98.98733333333332
340890891.0,-98.30366666666667
341241241.0,-98.42366666666668
341591592.0,-97.584
341941942.0,-97.512
342292292.0,-97.59633333333333
342642643.0,-97.90766666666667
342992993.0,-98.21966666666667
343343343.0,-98.879
343693694.0,-98.03966666666666
344044044.0,-97.584
344394394.0,-97.668
344744745.0,-97.02033333333334
345095095.0,-97.71600000000001
345445445.0,-98.21999999999998
345795796.0,-96.76866666666666
346146146.0,-97.46433333333334
346496497.0,-97.00833333333333
346846847.0,-97.476
347197197.0,-97.97966666666666
347547548.0,-95.79700000000001
347897898.0,-95.53333333333335
348248248.0,-96.76866666666666
348598599.0,-97.46433333333333
348948949.0,-97.008
349299299.0,-96.51633333333332
349649650.0,-97.40433333333333
350000000.0,-96.94833333333332
240000000.0,-108.84500000000001
240720721.0,-103.08833333333332
241441441.0,-106.15866666666666
242162162.0,-104.23966666666666
242882883.0,-95.02966666666667
243603604.0,-93.68633333333332
244324324.0,-107.69366666666666
245045045.0,-106.159
245765766.0,-105.58333333333333
246486486.0,-104.81533333333334
247207207.0,-102.51299999999999
247927928.0,-103.66466666666668
248648649.0,-105.39133333333332
249369369.0,-103.28033333333333
250090090.0,-105.77499999999999
250810811.0,-103.66433333333333
251531532.0,-106.15866666666666
252252252.0,-105.391
252972973.0,-106.92599999999999
253693694.0,-107.118
254414414.0,-106.15899999999999
255135135.0,-104.048
255855856.0,-102.897
256576577.0,-103.08866666666665
257297297.0,-101.937
258018018.0,-103.47233333333334
258738739.0,-103.85633333333334
259459459.0,-103.47233333333332
260180180.0,-104.62400000000001
260900901.0,-103.85633333333334
261621622.0,-103.08866666666665
262342342.0,-101.74566666666668
263063063.0,-101.36200000000001
263783784.0,-102.89666666666666
264504505.0,-104.432
265225225.0,-104.432
265945946.0,-97.71600000000001
266666667.0,-99.05900000000001
267387387.0,-102.70466666666668
268108108.0,-101.93733333333334
268828829.0,-105.19933333333331
269549550.0,-103.47266666666667
270270270.0,-103.856
270990991.0,-101.93733333333334
271711712.0,-103.28066666666666
272432432.0,-103.28066666666666
273153153.0,-105.58300000000001
273873874.0,-103.28033333333333
274594595.0,-103.47233333333334
275315315.0,-102.32099999999998
276036036.0,-101.36166666666668
276756757.0,-105.39133333333332
277477477.0,-105.58333333333333
278198198.0,-105.58333333333333
278918919.0,-105.00766666666668
279639640.0,-103.28066666666666
280360360.0,-103.47266666666667
281081081.0,-102.89666666666666
281801802.0,-101.93733333333334
282522523.0,-103.47233333333332
283243243.0,-105.39133333333332
283963964.0,-105.19933333333334
284684685.0,-102.70466666666665
285405405.0,-104.432
286126126.0,-104.81566666666667
286846847.0,-106.15866666666666
287567568.0,-104.43166666666667
288288288.0,-106.92633333333333
289009009.0,-105.00733333333335
289729730.0,-103.28066666666666
290450450.0,-102.12933333333335
291171171.0,-94.83766666666668
291891892.0,-89.65666666666668
292612613.0,-91.95933333333335
293333333.0,-96.56466666666665
294054054.0,-96.181
294774775.0,-103.85633333333334
295495495.0,-102.12933333333335
296216216.0,-104.43166666666667
296936937.0,-104.81566666666667
297657658.0,-105.39133333333332
298378378.0,-104.432
299099099.0,-101.16966666666667
299819820.0,-101.36166666666668
300540541.0,-102.51299999999999
301261261.0,-101.74566666666668
301981982.0,-100.59433333333334
302702703.0,-101.36200000000001
303423423.0,-102.12933333333335
304144144.0,-103.66433333333333
304864865.0,-104.23966666666666
305585586.0,-106.54266666666668
306306306.0,-105.58300000000001
307027027.0,-105.967
307747748.0,-105.77499999999999
308468468.0,-104.24000000000001
309189189.0,-102.70466666666665
309909910.0,-104.24000000000001
310630631.0,-105.19966666666666
311351351.0,-105.77500000000002
312072072.0,-105.77499999999999
312792793.0,-96.181
313513514.0,-105.00733333333334
314234234.0,-106.73433333333332
314954955.0,-105.58333333333333
315675676.0,-105.19966666666666
316396396.0,-104.62366666666667
317117117.0,-105.39133333333332
317837838.0,-101.55366666666667
318558559.0,-102.70466666666668
319279279.0,-97.33233333333334
320000000.0,-100.21033333333332
320720721.0,-106.15899999999999
321441441.0,-107.694
322162162.0,-109.03699999999999
322882883.0,-105.39133333333332
323603604.0,-105.77499999999999
324324324.0,-103.66433333333333
325045045.0,-103.66433333333333
325765766.0,-102.32100000000001
326486486.0,-102.32100000000001
327207207.0,-103.08866666666665
327927928.0,-101.93733333333334
328648649.0,-102.89699999999999
329369369.0,-103.08866666666667
330090090.0,-106.35066666666667
330810811.0,-107.694
331531532.0,-108.26933333333334
332252252.0,-106.92633333333333
332972973.0,-106.54233333333333
333693694.0,-106.54233333333333
334414414.0,-104.24000000000001
335135135.0,-103.47233333333332
335855856.0,-104.048
336576577.0,-104.432
337297297.0,-103.85633333333334
338018018.0,-105.391
338738739.0,-107.88566666666667
339459459.0,-106.54266666666668
340180180.0,-108.84533333333333
340900901.0,-100.97766666666666
341621622.0,-108.65333333333332
342342342.0,-104.23966666666666
343063063.0,-104.62366666666667
343783784.0,-103.66433333333333
344504505.0,-103.47233333333334
345225225.0,-105.00733333333334
345945946.0,-105.391
346666667.0,-107.502
347387387.0,-109.80433333333333
348108108.0,-105.391
348828829.0,-105.967
349549550.0,-110.76433333333334
350270270.0,-104.43166666666666
350990991.0,-103.664
351711712.0,-104.048
352432432.0,-104.432
353153153.0,-105.58300000000001
353873874.0,-104.81566666666667
354594595.0,-106.54233333333333
355315315.0,-107.502
356036036.0,-108.46133333333334
356756757.0,-108.84499999999998
357477477.0,-110.38
358198198.0,-110.57233333333335
358918919.0,-107.31
359639640.0,-106.351
360360360.0,-104.432
361081081.0,-107.694
361801802.0,-106.73433333333332
362522523.0,-100.978
363243243.0,-102.32066666666667
363963964.0,-102.129
364684685.0,-107.11833333333334
365405405.0,-100.21
366126126.0,-100.21033333333332
366846847.0,-100.40233333333333
367567568.0,-100.40233333333333
368288288.0,-99.82666666666667
369009009.0,-104.048
369729730.0,-110.18833333333333
370450450.0,-109.61266666666667
371171171.0,-110.95566666666666
371891892.0,-110.38
372612613.0,-113.45033333333333
373333333.0,-112.29899999999999
374054054.0,-112.68266666666666
374774775.0,-105.19966666666666
375495495.0,-111.91533333333332
376216216.0,-111.14800000000001
376936937.0,-110.18833333333333
377657658.0,-110.38033333333334
378378378.0,-110.76366666666667
379099099.0,-114.21766666666667
379819820.0,-112.68266666666666
380540541.0,-113.45033333333333
381261261.0,-113.642
381981982.0,-114.218
382702703.0,-115.56099999999999
383423423.0,-114.60166666666667
384144144.0,-113.44999999999999
384864865.0,-112.491
385585586.0,-109.229
386306306.0,-109.99633333333334
387027027.0,-111.53166666666668
387747748.0,-110.956
388468468.0,-112.10699999999999
389189189.0,-111.33933333333333
389909910.0,-110.572
390630631.0,-115.17733333333335
391351351.0,-114.21766666666667
392072072.0,-112.68266666666666
392792793.0,-110.57233333333335
393513514.0,-111.53166666666668
394234234.0,-111.33966666666667
394954955.0,-110.38
395675676.0,-111.53133333333334
396396396.0,-112.29933333333334
397117117.0,-109.42099999999999
397837838.0,-88.50533333333334
398558559.0,-91.384
399279279.0,-108.07766666666667
400000000.0,-107.502
400720721.0,-111.53166666666668
401441441.0,-112.49099999999999
402162162.0,-110.18833333333333
402882883.0,-111.72333333333334
403603604.0,-111.53133333333334
404324324.0,-113.45033333333333
405045045.0,-111.14766666666667
405765766.0,-115.753
406486486.0,-114.40966666666667
407207207.0,-115.17733333333332
407927928.0,-116.32866666666666
408648649.0,-113.64233333333334
409369369.0,-111.33966666666667
410090090.0,-111.33966666666667
410810811.0,-110.18833333333333
411531532.0,-112.87433333333333
412252252.0,-111.33966666666667
412972973.0,-112.87466666666666
413693694.0,-114.40966666666668
414414414.0,-112.491
415135135.0,-113.83399999999999
415855856.0,-112.29899999999999
416576577.0,-113.25833333333333
417297297.0,-112.87466666666667
418018018.0,-112.10700000000001
418738739.0,-112.87466666666666
419459459.0,-111.53166666666668
420180180.0,-106.15866666666666
420900901.0,-111.53133333333334
421621622.0,-112.491
422342342.0,-112.68266666666666
423063063.0,-114.60166666666667
423783784.0,-113.45033333333333
424504505.0,-114.02566666666667
425225225.0,-113.834
425945946.0,-112.87433333333333
426666667.0,-113.834
427387387.0,-111.72366666666666
428108108.0,-112.10733333333333
428828829.0,-111.91533333333332
429549550.0,-110.57233333333333
430270270.0,-111.91533333333332
430990991.0,-111.53133333333334
431711712.0,-113.45033333333333
432432432.0,-114.41000000000001
433153153.0,-114.02566666666667
433873874.0,-115.56099999999999
434594595.0,-113.06633333333333
435315315.0,-112.29900000000002
436036036.0,-107.88566666666667
436756757.0,-102.705
437477477.0,-102.32099999999998
438198198.0,-100.97800000000001
438918919.0,-103.08866666666667
439639640.0,-101.36166666666666
440360360.0,-103.47233333333334
441081081.0,-107.11833333333334
441801802.0,-115.177
442522523.0,-116.13666666666667
443243243.0,-112.49133333333334
443963964.0,-114.21766666666667
444684685.0,-110.18833333333335
445405405.0,-111.915
446126126.0,-112.49066666666666
446846847.0,-113.642
447567568.0,-115.36933333333333
448288288.0,-116.90433333333334
449009009.0,-116.52033333333333
449729730.0,-115.36899999999999
450450450.0,-113.834
451171171.0,-113.64200000000001
451891892.0,-111.915
452612613.0,-110.76400000000001
453333333.0,-110.57233333333333
454054054.0,-113.45
454774775.0,-113.834
455495495.0,-114.41000000000001
456216216.0,-116.90433333333333
456936937.0,-113.64233333333334
457657658.0,-113.06633333333333
458378378.0,-112.491
459099099.0,-112.10700000000001
459819820.0,-111.14800000000001
460540541.0,-112.10700000000001
461261261.0,-112.10700000000001
461981982.0,-113.45
462702703.0,-112.29899999999999
463423423.0,-113.45033333333333
464144144.0,-114.02566666666667
464864865.0,-114.026
465585586.0,-114.79333333333334
466306306.0,-112.49066666666666
467027027.0,-113.45033333333333
467747748.0,-113.45033333333333
468468468.0,-112.68266666666666
469189189.0,-102.12933333333332
469909910.0,-102.705
470630631.0,-114.026
471351351.0,-113.45033333333333
472072072.0,-111.72333333333334
472792793.0,-111.72333333333334
473513514.0,-111.53133333333334
474234234.0,-112.87466666666667
474954955.0,-114.60166666666665
475675676.0,-114.98533333333334
476396396.0,-114.60166666666665
477117117.0,-111.72333333333334
477837838.0,-112.68266666666666
478558559.0,-110.18833333333333
479279279.0,-105.58333333333333
480000000.0,-105.39133333333335
480720721.0,-109.99666666666667
481441441.0,-113.64200000000001
482162162.0,-115.177
482882883.0,-115.36933333333332
483603604.0,-116.13666666666666
484324324.0,-115.36900000000001
485045045.0,-116.32866666666666
485765766.0,-111.72333333333334
486486486.0,-112.68266666666666
487207207.0,-112.68266666666666
487927928.0,-113.25833333333333
488648649.0,-112.10733333333333
489369369.0,-114.218
490090090.0,-114.98533333333334
490810811.0,-115.56099999999999
491531532.0,-114.21766666666667
492252252.0,-114.40966666666668
492972973.0,-114.40933333333334
493693694.0,-113.45033333333333
494414414.0,-114.218
495135135.0,-113.06666666666666
495855856.0,-113.25833333333333
496576577.0,-114.40966666666668
497297297.0,-115.56099999999999
498018018.0,-115.56133333333332
498738739.0,-114.40966666666667
499459459.0,-115.75266666666666
500180180.0,-115.75266666666666
500900901.0,-116.13666666666666
501621622.0,-115.75266666666666
502342342.0,-115.36933333333333
503063063.0,-115.36899999999999
503783784.0,-116.13699999999999
504504505.0,-116.71233333333333
505225225.0,-115.75266666666668
505945946.0,-114.21766666666667
506666667.0,-115.177
507387387.0,-116.71233333333333
508108108.0,-116.52066666666667
508828829.0,-115.94500000000001
509549550.0,-115.36900000000001
510270270.0,-114.60133333333333
510990991.0,-114.98533333333334
511711712.0,-116.13666666666666
512432432.0,-115.56099999999999
513153153.0,-115.56133333333332
513873874.0,-114.98533333333334
514594595.0,-114.98533333333334
515315315.0,-115.36899999999999
516036036.0,-116.13666666666666
516756757.0,-115.75266666666666
517477477.0,-115.753
518198198.0,-114.79333333333334
518918919.0,-116.52033333333333
519639640.0,-113.834
520360360.0,-114.02633333333334
521081081.0,-115.17733333333335
521801802.0,-115.56099999999999
522522523.0,-116.32833333333333
523243243.0,-115.36899999999999
523963964.0,-114.60166666666667
524684685.0,-115.94466666666666
525405405.0,-116.71233333333333
526126126.0,-115.94466666666666
526846847.0,-115.94433333333332
527567568.0,-114.40933333333334
528288288.0,-114.98533333333334
529009009.0,-114.985
529729730.0,-114.60166666666667
530450450.0,-114.41000000000001
531171171.0,-114.98533333333334
531891892.0,-115.56099999999999
532612613.0,-112.10700000000001
533333333.0,-109.613
534054054.0,-115.36900000000001
534774775.0,-114.026
535495495.0,-113.06666666666666
536216216.0,-111.72333333333334
536936937.0,-114.60133333333333
537657658.0,-115.36899999999999
538378378.0,-112.87466666666667
539099099.0,-113.834
539819820.0,-113.64200000000001
540540541.0,-113.834
541261261.0,-114.60166666666667
541981982.0,-115.753
542702703.0,-115.56133333333332
543423423.0,-114.40966666666668
544144144.0,-114.40966666666668
544864865.0,-114.79333333333334
545585586.0,-114.98533333333334
546306306.0,-114.026
547027027.0,-114.985
547747748.0,-114.21766666666666
548468468.0,-115.36933333333333
549189189.0,-114.60166666666665
549909910.0,-115.36933333333333
550630631.0,-115.36899999999999
551351351.0,-115.177
552072072.0,-115.17733333333335
552792793.0,-114.60166666666667
553513514.0,-114.40966666666668
554234234.0,-114.60133333333333
554954955.0,-114.98533333333334
555675676.0,-114.218
556396396.0,-114.79333333333334
557117117.0,-115.56066666666668
557837838.0,-115.177
558558559.0,-114.79333333333334
559279279.0,-114.026
560000000.0,-113.64233333333334
560720721.0,-115.75266666666666
561441441.0,-114.98533333333332
562162162.0,-115.753
562882883.0,-116.52033333333333
563603604.0,-116.32866666666666
564324324.0,-116.71233333333333
565045045.0,-115.56099999999999
565765766.0,-117.096
566486486.0,-116.52033333333333
567207207.0,-115.75266666666668
567927928.0,-116.32833333333333
568648649.0,-115.17733333333332
569369369.0,-115.56099999999999
570090090.0,-112.683
570810811.0,-111.72333333333334
571531532.0,-114.60199999999999
572252252.0,-115.56099999999999
572972973.0,-115.94466666666666
573693694.0,-116.52066666666667
574414414.0,-116.32866666666666
575135135.0,-116.32866666666666
575855856.0,-114.02633333333334
576576577.0,-117.67199999999998
577297297.0,-117.096
578018018.0,-116.71233333333332
578738739.0,-118.43933333333332
579459459.0,-116.71199999999999
580180180.0,-115.94466666666666
580900901.0,-117.096
581621622.0,-117.86333333333333
582342342.0,-118.05533333333334
583063063.0,-118.82333333333332
583783784.0,-117.86366666666667
584504505.0,-113.25833333333333
585225225.0,-115.56133333333332
585945946.0,-117.096
586666667.0,-117.67200000000001
587387387.0,-119.015
588108108.0,-117.096
588828829.0,-118.24733333333334
589549550.0,-117.86366666666667
590270270.0,-117.86366666666667
590990991.0,-116.32833333333333
591711712.0,-117.86333333333334
592432432.0,-118.05566666666665
593153153.0,-117.86333333333333
593873874.0,-116.90433333333334
594594595.0,-118.05533333333334
595315315.0,-118.24733333333334
596036036.0,-118.24733333333334
596756757.0,-117.48
597477477.0,-116.71233333333332
598198198.0,-116.32866666666666
598918919.0,-117.67166666666667
599639640.0,-116.71233333333335
600360360.0,-113.834
601081081.0,-117.48
601801802.0,-116.90433333333333
602522523.0,-117.09633333333333
603243243.0,-116.90433333333333
603963964.0,-102.705
604684685.0,-101.745
605405405.0,-106.15899999999999
606126126.0,-110.38
606846847.0,-110.76400000000001
607567568.0,-107.694
608288288.0,-109.42066666666666
609009009.0,-99.63466666666666
609729730.0,-98.86733333333335
610450450.0,-96.94833333333332
611171171.0,-100.978
611891892.0,-101.74566666666668
612612613.0,-103.28066666666666
613333333.0,-99.05900000000001
614054054.0,-99.05933333333333
614774775.0,-103.08866666666667
615495495.0,-108.07766666666667
616216216.0,-113.834
616936937.0,-111.915
617657658.0,-114.02566666666667
618378378.0,-113.25833333333333
619099099.0,-116.32866666666666
619819820.0,-116.137
620540541.0,-114.60133333333333
621261261.0,-114.98533333333334
621981982.0,-113.45066666666668
622702703.0,-114.40966666666668
623423423.0,-114.60166666666665
624144144.0,-114.40966666666668
624864865.0,-114.98533333333334
625585586.0,-114.40966666666667
626306306.0,-114.02566666666667
627027027.0,-113.45033333333333
627747748.0,-115.17733333333332
628468468.0,-114.02600000000001
629189189.0,-114.02600000000001
629909910.0,-113.64233333333334
630630631.0,-111.91533333333332
631351351.0,-114.98533333333334
632072072.0,-115.36899999999999
632792793.0,-114.60133333333333
633513514.0,-112.683
634234234.0,-114.60133333333333
634954955.0,-113.834
635675676.0,-115.17733333333332
636396396.0,-114.40966666666667
637117117.0,-114.79333333333334
637837838.0,-114.60166666666667
638558559.0,-115.753
639279279.0,-115.17733333333335
640000000.0,-114.98533333333334
640720721.0,-115.17733333333332
641441441.0,-114.79333333333334
642162162.0,-114.21766666666667
642882883.0,-113.25833333333333
643603604.0,-114.98566666666666
644324324.0,-114.79333333333334
645045045.0,-114.02566666666667
645765766.0,-113.642
646486486.0,-115.17733333333332
647207207.0,-114.60166666666667
647927928.0,-114.40966666666667
648648649.0,-113.45
649369369.0,-112.68266666666666
650090090.0,-112.10733333333333
650810811.0,-114.02566666666667
651531532.0,-113.06633333333333
652252252.0,-114.21766666666667
652972973.0,-113.06633333333333
653693694.0,-113.45
654414414.0,-113.642
655135135.0,-112.87433333333335
655855856.0,-112.29899999999999
656576577.0,-111.531
657297297.0,-111.723
658018018.0,-111.53133333333334
658738739.0,-112.29900000000002
659459459.0,-112.68233333333335
660180180.0,-112.49066666666666
660900901.0,-112.68266666666666
661621622.0,-114.79333333333334
662342342.0,-114.218
663063063.0,-114.21766666666666
663783784.0,-114.40933333333334
664504505.0,-114.02600000000001
665225225.0,-114.02600000000001
665945946.0,-114.40966666666668
666666667.0,-114.218
667387387.0,-115.75266666666666
668108108.0,-115.94466666666666
668828829.0,-116.90433333333334
669549550.0,-116.13666666666667
670270270.0,-115.75266666666666
670990991.0,-115.17733333333332
671711712.0,-115.945
672432432.0,-115.94466666666666
673153153.0,-117.09566666666666
673873874.0,-116.52033333333333
674594595.0,-116.71233333333333
675315315.0,-117.28766666666667
676036036.0,-116.71233333333333
676756757.0,-116.32833333333333
677477477.0,-114.98533333333334
678198198.0,-115.56099999999999
678918919.0,-115.56099999999999
679639640.0,-115.94466666666666
680360360.0,-116.71266666666668
681081081.0,-116.32866666666666
681801802.0,-115.56099999999999
682522523.0,-115.945
683243243.0,-116.13666666666667
683963964.0,-115.56066666666665
684684685.0,-115.36899999999999
685405405.0,-115.36933333333333
686126126.0,-114.79333333333334
686846847.0,-115.753
687567568.0,-115.36899999999999
688288288.0,-114.98566666666666
689009009.0,-115.177
689729730.0,-115.94466666666666
690450450.0,-112.49066666666666
691171171.0,-114.02600000000001
691891892.0,-114.60133333333333
692612613.0,-114.02600000000001
693333333.0,-114.98533333333334
694054054.0,-114.98566666666666
694774775.0,-115.17733333333332
695495495.0,-114.985
696216216.0,-115.56099999999999
696936937.0,-116.52033333333333
697657658.0,-115.17733333333332
698378378.0,-115.36899999999999
699099099.0,-113.834
699819820.0,-113.45033333333333
700540541.0,-111.91533333333332
701261261.0,-115.94500000000001
701981982.0,-116.13666666666667
702702703.0,-115.753
703423423.0,-116.71233333333333
704144144.0,-116.32833333333333
704864865.0,-115.75299999999999
705585586.0,-115.75266666666666
706306306.0,-115.17733333333335
707027027.0,-114.98533333333334
707747748.0,-115.94466666666666
708468468.0,-115.56099999999999
709189189.0,-117.09633333333333
709909910.0,-115.56099999999999
710630631.0,-115.56099999999999
711351351.0,-114.02566666666667
712072072.0,-115.17733333333332
712792793.0,-115.753
713513514.0,-115.56099999999999
714234234.0,-114.60166666666665
714954955.0,-114.98533333333334
715675676.0,-116.32833333333333
716396396.0,-117.28800000000001
717117117.0,-116.904
717837838.0,-115.36899999999999
718558559.0,-115.75266666666666
719279279.0,-114.218
720000000.0,-114.40966666666667
720720721.0,-114.21766666666667
721441441.0,-115.56099999999999
722162162.0,-114.98533333333334
722882883.0,-116.71233333333333
723603604.0,-115.94466666666665
724324324.0,-116.13666666666666
725045045.0,-116.32866666666666
725765766.0,-116.52066666666667
726486486.0,-116.52033333333334
727207207.0,-116.52033333333334
727927928.0,-116.52066666666667
728648649.0,-117.28800000000001
729369369.0,-117.48
730090090.0,-117.86366666666667
730810811.0,-117.67166666666667
731531532.0,-117.28800000000001
732252252.0,-117.28800000000001
732972973.0,-116.52033333333333
733693694.0,-117.86366666666667
734414414.0,-117.288
735135135.0,-116.71233333333333
735855856.0,-118.05533333333334
736576577.0,-117.67166666666667
737297297.0,-119.01499999999999
738018018.0,-118.63100000000001
738738739.0,-119.01499999999999
739459459.0,-117.48
740180180.0,-118.05566666666668
740900901.0,-117.28800000000001
741621622.0,-117.28833333333334
742342342.0,-117.67166666666667
743063063.0,-118.24733333333332
743783784.0,-117.67200000000001
744504505.0,-118.24733333333334
745225225.0,-118.05566666666668
745945946.0,-117.86366666666667
746666667.0,-116.32866666666666
747387387.0,-116.52033333333333
748108108.0,-118.823
748828829.0,-116.71233333333335
749549550.0,-117.28833333333334
750270270.0,-110.57233333333333
750990991.0,-111.72333333333334
751711712.0,-116.32866666666666
752432432.0,-117.86366666666667
753153153.0,-116.52066666666667
753873874.0,-116.904
754594595.0,-115.753
755315315.0,-117.86366666666667
756036036.0,-116.52066666666667
756756757.0,-117.47966666666667
757477477.0,-116.32833333333333
758198198.0,-117.096
758918919.0,-117.86366666666667
759639640.0,-117.48
760360360.0,-118.63133333333333
761081081.0,-117.86366666666667
761801802.0,-119.39866666666666
762522523.0,-118.24766666666666
763243243.0,-118.63100000000001
763963964.0,-119.39866666666667
764684685.0,-119.39866666666666
765405405.0,-118.24733333333334
766126126.0,-119.78266666666667
766846847.0,-120.55033333333334
767567568.0,-120.93366666666667
768288288.0,-120.16633333333334
769009009.0,-119.97433333333333
769729730.0,-120.35799999999999
770450450.0,-119.78266666666667
771171171.0,-121.31733333333334
771891892.0,-121.50933333333334
772612613.0,-120.35833333333333
773333333.0,-120.358
774054054.0,-120.93333333333332
774774775.0,-121.12566666666667
775495495.0,-121.31733333333334
776216216.0,-120.55
776936937.0,-120.93366666666667
777657658.0,-119.39833333333333
778378378.0,-104.24000000000001
779099099.0,-90.42433333333334
779819820.0,-91.19233333333334
780540541.0,-90.61633333333333
781261261.0,-90.61633333333333
781981982.0,-90.23266666666666
782702703.0,-91.19166666666666
783423423.0,-89.849
784144144.0,-91.19166666666666
784864865.0,-90.616
785585586.0,-91.38366666666667
786306306.0,-89.08133333333335
787027027.0,-89.657
787747748.0,-90.23266666666666
788468468.0,-92.72700000000002
789189189.0,-117.288
789909910.0,-117.86366666666667
790630631.0,-118.05566666666665
791351351.0,-119.015
792072072.0,-118.43966666666665
792792793.0,-119.78233333333333
793513514.0,-118.43933333333332
794234234.0,-119.59066666666666
794954955.0,-119.59066666666666
795675676.0,-119.97433333333333
796396396.0,-119.59033333333333
797117117.0,-120.16633333333333
797837838.0,-118.823
798558559.0,-119.01499999999999
799279279.0,-118.43966666666665
800000000.0,-118.05566666666668
800720721.0,-118.823
801441441.0,-119.97466666666666
802162162.0,-120.55
802882883.0,-120.54966666666667
803603604.0,-119.59033333333332
804324324.0,-119.20666666666666
805045045.0,-119.39866666666666
805765766.0,-121.12533333333333
806486486.0,-121.12566666666667
807207207.0,-119.97433333333333
807927928.0,-120.35833333333333
808648649.0,-120.74166666666667
809369369.0,-119.39866666666667
810090090.0,-120.93333333333332
810810811.0,-118.63099999999999
811531532.0,-120.35799999999999
812252252.0,-120.742
812972973.0,-118.82266666666665
813693694.0,-119.974
814414414.0,-119.59066666666666
815135135.0,-119.97433333333333
815855856.0,-120.16633333333334
816576577.0,-121.509
817297297.0,-119.78233333333333
818018018.0,-119.97433333333333
818738739.0,-120.93366666666667
819459459.0,-119.39866666666667
820180180.0,-120.74166666666667
820900901.0,-119.97433333333333
821621622.0,-120.166
822342342.0,-121.31733333333334
823063063.0,-120.358
823783784.0,-121.12533333333333
824504505.0,-120.54966666666667
825225225.0,-120.16633333333333
825945946.0,-118.823
826666667.0,-118.05533333333334
827387387.0,-120.55
828108108.0,-120.74166666666667
828828829.0,-121.50933333333334
829549550.0,-121.31733333333334
830270270.0,-120.93333333333334
830990991.0,-120.93366666666667
831711712.0,-120.74166666666666
832432432.0,-121.50933333333334
833153153.0,-121.12566666666667
833873874.0,-122.085
834594595.0,-121.31733333333334
835315315.0,-121.12533333333333
836036036.0,-121.70099999999998
836756757.0,-121.31733333333334
837477477.0,-120.55
838198198.0,-121.12533333333333
838918919.0,-120.74166666666666
839639640.0,-121.317
840360360.0,-121.12533333333333
841081081.0,-119.97433333333333
841801802.0,-121.12566666666667
842522523.0,-122.46866666666666
843243243.0,-121.70100000000001
843963964.0,-120.358
844684685.0,-120.742
845405405.0,-120.358
846126126.0,-121.31733333333334
846846847.0,-120.16633333333334
847567568.0,-120.93366666666667
848288288.0,-120.358
849009009.0,-119.78266666666667
849729730.0,-121.50933333333334
850450450.0,-120.16633333333333
851171171.0,-119.207
851891892.0,-120.55000000000001
852612613.0,-119.59066666666666
853333333.0,-120.54966666666667
854054054.0,-120.16633333333334
854774775.0,-120.93366666666667
855495495.0,-119.015
856216216.0,-119.97466666666666
856936937.0,-120.16633333333334
857657658.0,-120.55
858378378.0,-121.50933333333334
859099099.0,-120.74166666666666
859819820.0,-120.55
860540541.0,-120.93366666666667
861261261.0,-121.12533333333333
861981982.0,-121.50933333333334
862702703.0,-120.74166666666667
863423423.0,-120.93333333333332
864144144.0,-120.74166666666667
864864865.0,-118.43933333333332
865585586.0,-119.59033333333332
866306306.0,-119.207
867027027.0,-116.52033333333333
867747748.0,-105.77499999999999
868468468.0,-106.54266666666668
869189189.0,-92.919
869909910.0,-64.13666666666667
870630631.0,-64.904
871351351.0,-64.71233333333333
872072072.0,-66.823
872792793.0,-67.015
873513514.0,-66.43900000000001
874234234.0,-64.904
874954955.0,-62.217666666666666
875675676.0,-63.369
876396396.0,-65.28766666666667
877117117.0,-65.096
877837838.0,-65.67166666666667
878558559.0,-60.49100000000001
879279279.0,-63.561
880000000.0,-89.46499999999999
880720721.0,-93.68633333333332
881441441.0,-100.97833333333334
882162162.0,-111.14766666666667
882882883.0,-110.572
883603604.0,-115.753
884324324.0,-117.86366666666667
885045045.0,-119.015
885765766.0,-119.78233333333333
886486486.0,-119.78233333333333
887207207.0,-119.97433333333333
887927928.0,-121.70099999999998
888648649.0,-120.16633333333334
889369369.0,-120.16633333333334
890090090.0,-121.31733333333334
890810811.0,-120.35799999999999
891531532.0,-121.70099999999998
892252252.0,-120.54966666666667
892972973.0,-120.74166666666666
893693694.0,-120.54966666666667
894414414.0,-121.509
895135135.0,-121.50933333333334
895855856.0,-121.12533333333333
896576577.0,-121.31733333333334
897297297.0,-120.54966666666667
898018018.0,-120.93333333333334
898738739.0,-122.085
899459459.0,-121.89333333333333
900180180.0,-120.16633333333334
900900901.0,-118.43933333333332
901621622.0,-120.358
902342342.0,-121.50933333333334
903063063.0,-120.93366666666667
903783784.0,-121.31733333333334
904504505.0,-120.93366666666667
905225225.0,-119.59033333333333
905945946.0,-117.28766666666667
906666667.0,-119.59066666666666
907387387.0,-119.78266666666667
908108108.0,-117.86366666666667
908828829.0,-118.05566666666668
909549550.0,-118.05533333333334
910270270.0,-118.05566666666668
910990991.0,-117.67166666666667
911711712.0,-119.78233333333333
912432432.0,-119.78266666666667
913153153.0,-113.64233333333334
913873874.0,-116.90433333333334
914594595.0,-117.28800000000001
915315315.0,-118.63099999999999
916036036.0,-117.28800000000001
916756757.0,-115.94466666666666
917477477.0,-115.177
918198198.0,-114.41000000000001
918918919.0,-114.026
919639640.0,-116.52033333333333
920360360.0,-116.13666666666666
921081081.0,-115.17733333333335
921801802.0,-115.75266666666668
922522523.0,-118.05533333333334
923243243.0,-117.28766666666667
923963964.0,-117.48
924684685.0,-118.43900000000001
925405405.0,-118.24733333333332
926126126.0,-118.43933333333332
926846847.0,-119.01466666666666
927567568.0,-119.59066666666666
928288288.0,-119.20666666666666
929009009.0,-119.39866666666666
929729730.0,-119.20666666666666
930450450.0,-116.52066666666667
931171171.0,-117.86366666666667
931891892.0,-119.01499999999999
932612613.0,-117.48
933333333.0,-118.63133333333333
934054054.0,-111.53166666666668
934774775.0,-108.07766666666667
935495495.0,-62.793333333333344
936216216.0,-63.56100000000001
936936937.0,-64.52033333333333
937657658.0,-82.749
938378378.0,-82.36533333333334
939099099.0,-90.61633333333334
939819820.0,-101.74566666666665
940540541.0,-89.27300000000001
941261261.0,-93.878
941981982.0,-82.17333333333333
942702703.0,-78.91166666666668
943423423.0,-78.33566666666667
944144144.0,-80.83033333333334
944864865.0,-81.78966666666668
945585586.0,-82.36533333333334
946306306.0,-83.90033333333334
947027027.0,-90.42433333333334
947747748.0,-101.55366666666667
948468468.0,-84.09233333333333
949189189.0,-86.39533333333334
949909910.0,-82.557
950630631.0,-82.55733333333332
951351351.0,-86.20299999999999
952072072.0,-87.16199999999999
952792793.0,-79.29533333333335
953513514.0,-81.78966666666668
954234234.0,-77.18466666666667
954954955.0,-70.66066666666667
955675676.0,-67.78233333333333
956396396.0,-91.38366666666667
957117117.0,-77.952
957837838.0,-81.78966666666666
958558559.0,-115.753
959279279.0,-113.25833333333333
960000000.0,-119.97433333333333
